{"CGFJ62rAvc244QD+n5yzXg==":"mbr-1920x1411.jpg","WPXFa9XEI4zol+E6vjlsrA==":"mbr-1920x1047.jpg","gPQ15DuH7SDRj+FfrmBYOw==":"feminine-163x163.png","2642X/GwQtKktvjBH8GlOA==":"feminine-1-163x163.png","qXwwhC2E1ilBa9n/cM09YA==":"feminine-2-163x163.png","PEodSK6sOlpe0OniAvv6cQ==":"feminine-187x187.png","M04wtSVMPEJJ8F4exerw6A==":"feminine%20(1)-96x96.png","NBUrUG5D4FUxJVppYhq0ig==":"feminine%20(1)-335x335.png","i9i+LIECNkGubjedhepLXA==":"f-880x878.jpg","adJjwcFkjUN4i4boq6xKXA==":"mbr-1920x1280.png","crAdYGj29h7i9p72e3uLTg==":"mbr-1920x1316.jpg","au9aQDkZgr+IqAHJTQibSg==":"mbr-1440x1920.jpg","eDr4zgKRCcPD6H1xF5j3Ug==":"mbr-1920x1280.jpg","DvgSEj/dw3P2t2PO8kCqMA==":"consult-626x417.jpg","bieHraaCF3MGBjtGckN2aA==":"consult-626x417.jpeg","q0vi4ZPYqIQeqvIeY/wQcg==":"lab-626x417.jpeg","C3kY80aPM9CmWt3G36L5yg==":"track-626x521.jpeg","YkQR0WKBfGoOJulfxJXUmw==":"lab-1-626x417.jpeg","owAZhsfP99kiwTCVm2+Flw==":"mbr-1-1920x1280.png","yqyYOndpzgnM3BAm3TM+jg==":"%E2%80%94pngtree%E2%80%94beautiful%20watercolor%20painting%20beautiful%20hd-725976-1920x900.jpeg","aKha7G4kq8h83GAoMCcHXg==":"%E2%80%94pngtree%E2%80%94bridal%20makeup%20facial%20watercolor%20background-1151450-2000x1428.png","dRx0Jov9+O64HJ25MJcJvQ==":"untitled%20design-1350x650.png","5EFVQFv9qVTFlzW/8HZgGg==":"untitled%20design%20(1)-1350x650.png","Hn40Yb3Q+28WYyVAqtDMow==":"untitled%20design%20(2)-1350x650.png","9sCF4T6mxKIa2b4rTFtcKg==":"untitled%20design%20(3)-1350x650.png","cQiAEa8vcvydlRKrchXurA==":"untitled%20design%20(3)-1350x650.png"}